{"cameraMode":{"drawMode":0,"name":"Shaded","section":"Shading Mode"},"sceneLighting":true,"audioPlay":false,"sceneViewState":{"showFog":false,"showMaterialUpdate":false,"showSkybox":false,"showFlares":false,"showImageEffects":false,"showParticleSystems":true},"in2DMode":false,"pivot":{"x":1.0499999523162842,"y":1.059999942779541,"z":7.539999961853027},"rotation":{"x":-0.05299491435289383,"y":-0.21635136008262635,"z":0.011761670932173729,"w":-0.9748052954673767},"size":22.0,"orthographic":false}