{"cameraMode":{"drawMode":0,"name":"Shaded","section":"Shading Mode"},"sceneLighting":true,"audioPlay":false,"sceneViewState":{"showFog":false,"showMaterialUpdate":false,"showSkybox":false,"showFlares":false,"showImageEffects":false,"showParticleSystems":true},"in2DMode":false,"pivot":{"x":-1.2569239139556885,"y":3.245776891708374,"z":1.4773268699645997},"rotation":{"x":-0.05232902988791466,"y":0.9365328550338745,"z":-0.15913411974906922,"w":-0.307967871427536},"size":8.22973918914795,"orthographic":false}