{"cameraMode":{"drawMode":0,"name":"Shaded","section":"Shading Mode"},"sceneLighting":true,"audioPlay":false,"sceneViewState":{"showFog":false,"showMaterialUpdate":false,"showSkybox":false,"showFlares":false,"showImageEffects":false,"showParticleSystems":true},"in2DMode":false,"pivot":{"x":1.049191951751709,"y":3.0709595680236818,"z":7.53826904296875},"rotation":{"x":-0.055919088423252109,"y":-0.2163151055574417,"z":0.012410671450197697,"w":-0.9746419787406921},"size":2.8578836917877199,"orthographic":false}